<?xml version="1.0" encoding="UTF-8"?>

<!--

  Name:             openTRANS_ORDER_1_0_example.xml
  Version:          1.0
  Date:             10.01.2003
  Authors:          Oliver Kelkar (olk), Fraunhofer IAO Stuttgart
                    Boris Otto (bo),     Fraunhofer IAO Stuttgart
			
  Copyright 2003, All Rights Reserved
  Fraunhofer IAO Stuttgart, Universitaet Essen BLI

  openTRANS:
  more infos and full specification: http://www.opentrans.org
  e-mail contact: authors@opentrans.org

-->
<ORDER xmlns="http://www.opentrans.org/XMLSchema/1.0" 
		xmlns:xsi="http://www.w3.org/2001/XMLSchema-instance"
		xsi:schemaLocation="http://www.opentrans.org/XMLSchema/1.0
		openTRANS_ORDER_1_0.xsd" 
		version="1.0" 
		type="standard">
	<ORDER_HEADER>
		<CONTROL_INFO>
			<STOP_AUTOMATIC_PROCESSING>testimport - Manual Processing Necessary</STOP_AUTOMATIC_PROCESSING>
			<GENERATOR_INFO>Created by openTRANS-Generator V1.7  1.03.2001</GENERATOR_INFO>
			<GENERATION_DATE>2001-03-21T18:00:30+01:00</GENERATION_DATE>
			<MIME_ROOT>/mime-dateien/</MIME_ROOT>
		</CONTROL_INFO>
		<SOURCING_INFO>
			<QUOTATION_ID>6000000101</QUOTATION_ID>
			<AGREEMENT type="buyer">
				<AGREEMENT_ID>5100000220</AGREEMENT_ID>
				<AGREEMENT_LINE_ID>10</AGREEMENT_LINE_ID>
				<AGREEMENT_START_DATE>2001-01-01T08:00:00+01:00</AGREEMENT_START_DATE>
				<AGREEMENT_END_DATE>2001-06-30T20:00:00+01:00</AGREEMENT_END_DATE>
			</AGREEMENT>
			<AGREEMENT type="supplier">
				<AGREEMENT_ID>21312</AGREEMENT_ID>
				<AGREEMENT_LINE_ID>110</AGREEMENT_LINE_ID>
				<AGREEMENT_START_DATE>2001-01-01T08:00:00+01:00</AGREEMENT_START_DATE>
				<AGREEMENT_END_DATE>2001-06-30T20:00:00+01:00</AGREEMENT_END_DATE>
			</AGREEMENT>
			<CATALOG_REFERENCE>
				<CATALOG_ID>12348s5121</CATALOG_ID>
				<CATALOG_VERSION>7.0</CATALOG_VERSION>
				<CATALOG_NAME>Bueromaterial 2001</CATALOG_NAME>
			</CATALOG_REFERENCE>
		</SOURCING_INFO>
		<ORDER_INFO>
			<ORDER_ID>PO4500002323</ORDER_ID>
			<ALT_CUSTOMER_ORDER_ID>1000000122</ALT_CUSTOMER_ORDER_ID>
			<ORDER_DATE>2001-03-21T16:55:30+01:00</ORDER_DATE>
			<DELIVERY_DATE type="optional">
				<DELIVERY_START_DATE>2001-03-28T09:30:00+01:00</DELIVERY_START_DATE>
				<DELIVERY_END_DATE>2001-04-03T10:00:00+01:00</DELIVERY_END_DATE>
			</DELIVERY_DATE>
			<ORDER_PARTIES>
				<BUYER_PARTY>
					<PARTY>
						<PARTY_ID type="buyer_specific">FhG-IAO-4356</PARTY_ID>
						<ADDRESS>
							<NAME>Fraunhofer IAO</NAME>
							<NAME2>Gebaeude TIII</NAME2>
							<DEPARTMENT>Marktstrategie Team E-Procurement</DEPARTMENT>
							<CONTACT>
								<CONTACT_NAME>Sekretariat</CONTACT_NAME>
								<PHONE type="office">+49 711 970 2331</PHONE>
								<FAX>+49 711 970 2300</FAX>
								<URL>http://www.iao.fhg.de</URL>
							</CONTACT>
							<STREET>Nobelstr. 12</STREET>
							<ZIP>70569</ZIP>
							<CITY>Stuttgart</CITY>
							<COUNTRY>DE</COUNTRY>
							<VAT_ID>DE 129515865</VAT_ID>
							<PHONE type="office">+49 711 970 0</PHONE>
							<URL>http://www.iao.fhg.de</URL>
						</ADDRESS>
					</PARTY>
				</BUYER_PARTY>
				<SUPPLIER_PARTY>
					<PARTY>
						<PARTY_ID type="buyer_specific">UEG-FB5-BLI</PARTY_ID>
						<ADDRESS>
							<NAME>Universitaet Essen</NAME>
							<NAME2>FB Wirtschaftswissenschaften/Wirtschaftsinformatik</NAME2>
							<DEPARTMENT>Beschaffung, Logistik und Informationsmanagement</DEPARTMENT>
							<CONTACT>
								<CONTACT_NAME>Volker Schmitz</CONTACT_NAME>
								<PHONE type="office">+49 201 183 4084</PHONE>
								<PHONE type="office">+49 201 183 4076</PHONE>
								<FAX>+49 201 183 934084</FAX>
								<EMAIL>volker.schmitz@uni-essen.de</EMAIL>
							</CONTACT>
							<STREET>Universitaetsstr. 9</STREET>
							<ZIP>45117</ZIP>
							<CITY>Essen</CITY>
							<COUNTRY>DE</COUNTRY>
							<PHONE type="office">+49 201 183 0</PHONE>
							<URL>http://www.bli.uni-essen.de</URL>
						</ADDRESS>
					</PARTY>
				</SUPPLIER_PARTY>
				<INVOICE_PARTY>
					<PARTY>
						<PARTY_ID type="buyer_specific">FhG-IAO-1234</PARTY_ID>
						<ADDRESS>
							<NAME>Fraunhofer IAO</NAME>
							<NAME2>TI</NAME2>
							<DEPARTMENT>Verwaltung IAO</DEPARTMENT>
							<STREET>Nobelstr. 12</STREET>
							<ZIP>70569</ZIP>
							<CITY>Stuttgart</CITY>
							<COUNTRY>DE</COUNTRY>
							<PHONE type="office">+49 711 970 01</PHONE>
						</ADDRESS>
					</PARTY>
				</INVOICE_PARTY>
				<SHIPMENT_PARTIES>
					<DELIVERY_PARTY>
						<PARTY>
							<PARTY_ID type="buyer_specific">FhG-IAO-4356</PARTY_ID>
							<ADDRESS>
								<NAME>Fraunhofer IAO</NAME>
								<NAME2>Gebaeude TIII</NAME2>
								<DEPARTMENT>Marktstrategie Team E-Procurement</DEPARTMENT>
								<CONTACT>
									<CONTACT_NAME>Sekretariat</CONTACT_NAME>
									<PHONE type="office">+49 711 970 2331</PHONE>
									<FAX>+49 711 970 2300</FAX>
									<URL>http://www.iao.fhg.de</URL>
								</CONTACT>
								<STREET>Nobelstr. 12</STREET>
								<ZIP>70569</ZIP>
								<CITY>Stuttgart</CITY>
								<COUNTRY>DE</COUNTRY>
								<PHONE type="office">+49 711 970 0</PHONE>
								<URL>http://www.iao.fhg.de</URL>
							</ADDRESS>
						</PARTY>
					</DELIVERY_PARTY>
					<FINAL_DELIVERY_PARTY>
						<PARTY>
							<PARTY_ID type="buyer_specific">FhG-IAO-4358</PARTY_ID>
							<ADDRESS>
								<NAME>Fraunhofer IAO</NAME>
								<NAME2>Gebaeude TIII</NAME2>
								<DEPARTMENT>Marktstrategie Team E-Procurement</DEPARTMENT>
								<CONTACT>
									<CONTACT_NAME>Boris Otto</CONTACT_NAME>
									<PHONE type="office">+49 711 970 2369</PHONE>
									<FAX>+49 711 970 2300</FAX>
									<EMAIL>Boris.Otto@iao.fhg.de</EMAIL>
									<URL>http://www.iao.fhg.de</URL>
								</CONTACT>
								<STREET>Nobelstr. 12</STREET>
								<ZIP>70569</ZIP>
								<CITY>Stuttgart</CITY>
								<COUNTRY>DE</COUNTRY>
								<PHONE type="office">+49 711 970 0</PHONE>
								<URL>http://www.iao.fhg.de</URL>
							</ADDRESS>
						</PARTY>
					</FINAL_DELIVERY_PARTY>
					<TRANSPORT_PARTY>
						<PARTY>
							<PARTY_ID type="DUNS">SFA-6934221</PARTY_ID>
							<ADDRESS>
								<NAME>SUPER FAST AIRCARGO</NAME>
							</ADDRESS>
						</PARTY>
					</TRANSPORT_PARTY>
					<TRANSPORT_PARTY>
						<PARTY>
							<PARTY_ID type="DUNS">EPS-3014234</PARTY_ID>
							<ADDRESS>
								<NAME>EXPRESS PARCEL SERVICE</NAME>
							</ADDRESS>
						</PARTY>
					</TRANSPORT_PARTY>
				</SHIPMENT_PARTIES>
			</ORDER_PARTIES>
			<PRICE_CURRENCY>EUR</PRICE_CURRENCY>
			<PAYMENT>
				<CARD xsi:type="">
					<CARD_NUM>0000111122223333</CARD_NUM>
					<CARD_EXPIRATION_DATE>2001-06</CARD_EXPIRATION_DATE>
					<CARD_TYPE>VISA</CARD_TYPE>
					<CARD_HOLDER_NAME>Fraunhofer IAO</CARD_HOLDER_NAME>
				</CARD>
			</PAYMENT>
			<TERMS_AND_CONDITIONS>http://www.iao.fhg.de/procurement/agb.pdf</TERMS_AND_CONDITIONS>
			<TRANSPORT>
				<INCOTERM>CFR</INCOTERM>
				<LOCATION>Zentale Postannahmestelle</LOCATION>
				<TRANSPORT_REMARK>Bitte bei Fr. Mueller, 2. Tuere, abgeben</TRANSPORT_REMARK>
			</TRANSPORT>
		</ORDER_INFO>
	</ORDER_HEADER>
	<ORDER_ITEM_LIST>
		<ORDER_ITEM>
			<LINE_ITEM_ID>P100012</LINE_ITEM_ID>
			<ARTICLE_ID>
				<SUPPLIER_AID>55-K-31</SUPPLIER_AID>
				<INTERNATIONAL_AID type="EAN">8712670911213</INTERNATIONAL_AID>
				<BUYER_AID type="BRZNR">4711</BUYER_AID>
				<DESCRIPTION_SHORT>Standard Briefkorb DIN A4</DESCRIPTION_SHORT>
				<DESCRIPTION_LONG>Ein Klassiker unter den Briefkoerben.</DESCRIPTION_LONG>
				<MANUFACTURER_INFO>
					<MANUFACTURER_NAME>Plastikpartner</MANUFACTURER_NAME>
					<MANUFACTURER_AID>123-RD-67-U</MANUFACTURER_AID>
					<MANUFACTURER_TYPE_DESCR>Briefkorb 02133</MANUFACTURER_TYPE_DESCR>
				</MANUFACTURER_INFO>
			</ARTICLE_ID>
			<QUANTITY>20</QUANTITY>
			<ORDER_UNIT>C62</ORDER_UNIT>
			<ARTICLE_PRICE type="net_list">
				<PRICE_AMOUNT>2.90</PRICE_AMOUNT>
				<PRICE_FLAG type="incl_freight">TRUE</PRICE_FLAG>
				<PRICE_FLAG type="incl_assurance">FALSE</PRICE_FLAG>
				<PRICE_FLAG type="incl_duty">TRUE</PRICE_FLAG>
				<PRICE_LINE_AMOUNT>58.00</PRICE_LINE_AMOUNT>
				<TAX>0.16</TAX>
				<TAX_AMOUNT>9.28</TAX_AMOUNT>
				<PRICE_QUANTITY>1</PRICE_QUANTITY>
			</ARTICLE_PRICE>
			<DELIVERY_DATE type="fixed">
				<DELIVERY_START_DATE>2001-03-28T09:30:00+01:00</DELIVERY_START_DATE>
				<DELIVERY_END_DATE>2001-03-28T09:30:00+01:00</DELIVERY_END_DATE>
			</DELIVERY_DATE>
			<SOURCING_INFO>
				<QUOTATION_ID>6000000101</QUOTATION_ID>
				<AGREEMENT type="buyer">
					<AGREEMENT_ID>5100000220</AGREEMENT_ID>
					<AGREEMENT_LINE_ID>10</AGREEMENT_LINE_ID>
				</AGREEMENT>
				<AGREEMENT type="supplier">
					<AGREEMENT_ID>21312</AGREEMENT_ID>
					<AGREEMENT_LINE_ID>110</AGREEMENT_LINE_ID>
				</AGREEMENT>
				<CATALOG_REFERENCE>
					<CATALOG_ID>12348s5121</CATALOG_ID>
					<CATALOG_VERSION>7.0</CATALOG_VERSION>
					<CATALOG_NAME>Bueromaterial 2001</CATALOG_NAME>
				</CATALOG_REFERENCE>
			</SOURCING_INFO>
			<SHIPMENT_PARTIES>
				<DELIVERY_PARTY>
					<PARTY>
						<PARTY_ID type="buyer_specific">FhG-IAO-4356</PARTY_ID>
						<ADDRESS>
							<NAME>Fraunhofer IAO</NAME>
							<NAME2>Gebaeude TIII</NAME2>
							<DEPARTMENT>Marktstrategie Team E-Procurement</DEPARTMENT>
							<CONTACT>
								<CONTACT_NAME>Sekretariat</CONTACT_NAME>
								<PHONE type="office">+49 711 970 2331</PHONE>
								<FAX>+49 711 970 2300</FAX>
								<URL>http://www.iao.fhg.de</URL>
							</CONTACT>
							<STREET>Nobelstr. 12</STREET>
							<ZIP>70569</ZIP>
							<CITY>Stuttgart</CITY>
							<COUNTRY>DE</COUNTRY>
							<PHONE type="office">+49 711 970 0</PHONE>
							<URL>http://www.iao.fhg.de</URL>
						</ADDRESS>
					</PARTY>
				</DELIVERY_PARTY>
				<FINAL_DELIVERY_PARTY>
					<PARTY>
						<PARTY_ID type="buyer_specific">FhG-IAO-4358</PARTY_ID>
						<ADDRESS>
							<NAME>Fraunhofer IAO</NAME>
							<NAME2>Gebaeude TIII</NAME2>
							<DEPARTMENT>Marktstrategie Team E-Procurement</DEPARTMENT>
							<CONTACT>
								<CONTACT_NAME>Boris Otto</CONTACT_NAME>
								<PHONE type="office">+49 711 970 2369</PHONE>
								<FAX>+49 711 970 2300</FAX>
								<EMAIL>Boris.Otto@iao.fhg.de</EMAIL>
								<URL>http://www.iao.fhg.de</URL>
							</CONTACT>
							<STREET>Nobelstr. 12</STREET>
							<ZIP>70569</ZIP>
							<CITY>Stuttgart</CITY>
							<COUNTRY>DE</COUNTRY>
							<PHONE type="office">+49 711 970 0</PHONE>
							<URL>http://www.iao.fhg.de</URL>
						</ADDRESS>
					</PARTY>
				</FINAL_DELIVERY_PARTY>
				<TRANSPORT_PARTY>
					<PARTY>
						<PARTY_ID type="DUNS">SFA-6934221</PARTY_ID>
						<ADDRESS>
							<NAME>SUPER FAST AIRCARGO</NAME>
						</ADDRESS>
					</PARTY>
				</TRANSPORT_PARTY>
				<TRANSPORT_PARTY>
					<PARTY>
						<PARTY_ID type="DUNS">EPS-3014234</PARTY_ID>
						<ADDRESS>
							<NAME>EXPRESS PARCEL SERVICE</NAME>
						</ADDRESS>
					</PARTY>
				</TRANSPORT_PARTY>
			</SHIPMENT_PARTIES>
			<ACCOUNTING_INFO>
				<COST_CATEGORY_ID type="cost_center">11047115</COST_CATEGORY_ID>
				<COST_TYPE>Verbrauch</COST_TYPE>
				<COST_ACCOUNT>S0202556600</COST_ACCOUNT>
			</ACCOUNTING_INFO>
			<PARTIAL_SHIPMENT_ALLOWED>false</PARTIAL_SHIPMENT_ALLOWED>
			<TRANSPORT>
				<INCOTERM>CFR</INCOTERM>
				<LOCATION>Zentale Postannahmestelle</LOCATION>
				<TRANSPORT_REMARK>Bitte bei Fr. Mueller, 2. Tuere, abgeben</TRANSPORT_REMARK>
			</TRANSPORT>
			<INTERNATIONAL_RESTRICTIONS type="us-embargo">Product falls under embargo restrictions</INTERNATIONAL_RESTRICTIONS>
			<SPECIAL_TREATMENT_CLASS type="GVVS">keine - nur Beispiel</SPECIAL_TREATMENT_CLASS>
			<MIME_INFO>
				<MIME>
					<MIME_TYPE>image/jpeg</MIME_TYPE>
					<MIME_SOURCE>55-K-31.jpg</MIME_SOURCE>
					<MIME_DESCR>Frontalansicht des Standard Briefkorbs DIN A4</MIME_DESCR>
					<MIME_ALT>Bild Standard Briefkorb DIN A4</MIME_ALT>
					<MIME_PURPOSE>normal</MIME_PURPOSE>
				</MIME>
			</MIME_INFO>
		</ORDER_ITEM>
		<ORDER_ITEM>
			<LINE_ITEM_ID>P100028</LINE_ITEM_ID>
			<ARTICLE_ID>
				<SUPPLIER_AID>55-K-56</SUPPLIER_AID>
				<INTERNATIONAL_AID type="EAN">8712670911581</INTERNATIONAL_AID>
				<BUYER_AID type="BRZNR">10815</BUYER_AID>
				<DESCRIPTION_SHORT>Exklusiv Briefoeffner</DESCRIPTION_SHORT>
				<DESCRIPTION_LONG>Besonders formschoener Briefoeffner aus hochglanzpoliertem Edelstahl</DESCRIPTION_LONG>
				<MANUFACTURER_INFO>
					<MANUFACTURER_NAME>Metallpartner</MANUFACTURER_NAME>
					<MANUFACTURER_AID>EBO-368-13</MANUFACTURER_AID>
					<MANUFACTURER_TYPE_DESCR>Briefoeffner Edelmann</MANUFACTURER_TYPE_DESCR>
				</MANUFACTURER_INFO>
			</ARTICLE_ID>
			<QUANTITY>4</QUANTITY>
			<ORDER_UNIT>C62</ORDER_UNIT>
			<ARTICLE_PRICE type="net_list">
				<PRICE_AMOUNT>30.5</PRICE_AMOUNT>
				<PRICE_LINE_AMOUNT>122</PRICE_LINE_AMOUNT>
				<TAX>0.16</TAX>
				<TAX_AMOUNT>19.52</TAX_AMOUNT>
				<PRICE_QUANTITY>1</PRICE_QUANTITY>
			</ARTICLE_PRICE>
			<SOURCING_INFO>
				<QUOTATION_ID>452231</QUOTATION_ID>
				<AGREEMENT type="buyer">
					<AGREEMENT_ID>567223</AGREEMENT_ID>
					<AGREEMENT_LINE_ID>2</AGREEMENT_LINE_ID>
				</AGREEMENT>
				<AGREEMENT type="supplier">
					<AGREEMENT_ID>43445</AGREEMENT_ID>
					<AGREEMENT_LINE_ID>2</AGREEMENT_LINE_ID>
				</AGREEMENT>
			</SOURCING_INFO>
			<ACCOUNTING_INFO>
				<COST_CATEGORY_ID type="cost_center">11047115</COST_CATEGORY_ID>
				<COST_ACCOUNT>S0202556600</COST_ACCOUNT>
			</ACCOUNTING_INFO>
			<PARTIAL_SHIPMENT_ALLOWED>true</PARTIAL_SHIPMENT_ALLOWED>
			<TRANSPORT>
				<INCOTERM>CFR</INCOTERM>
				<LOCATION>Zentale Postannahmestelle</LOCATION>
				<TRANSPORT_REMARK>Bitte bei Fr. Mueller, 2. Tuere, abgeben</TRANSPORT_REMARK>
			</TRANSPORT>
		</ORDER_ITEM>
	</ORDER_ITEM_LIST>
	<ORDER_SUMMARY>
		<TOTAL_ITEM_NUM>2</TOTAL_ITEM_NUM>
		<TOTAL_AMOUNT>180</TOTAL_AMOUNT>
	</ORDER_SUMMARY>
</ORDER>
