<?xml version = "1.0" encoding = "UTF-8"?>
<!DOCTYPE ORDERCHANGE SYSTEM "openTRANS_ORDERCHANGE_1_0.dtd">

<!-- 

  Name:                 opentrans_orderchange_1_0_example.xml
  Version:              1.0
  Date:                 07.09.2001
  Authors:              Oliver Kelkar (olk), Fraunhofer IAO Stuttgart
                        Boris Otto (bo),     Fraunhofer IAO Stuttgart
			

  Copyright 2000-2001, All Rights Reserved
  Fraunhofer IAO Stuttgart, Universitaet Essen BLI

-->

<ORDERCHANGE version = "1.0">
	<ORDERCHANGE_HEADER>
		<CONTROL_INFO>
			<GENERATOR_INFO>Created by openTRANS-Generator V1.7 1.09.2001</GENERATOR_INFO>
			<GENERATION_DATE>2001-09-10T12:33:30+01:00</GENERATION_DATE>
		</CONTROL_INFO>
		<ORDERCHANGE_INFO>
			<ORDER_ID>PO4500002323</ORDER_ID>
			<ALT_CUSTOMER_ORDER_ID>1000000122</ALT_CUSTOMER_ORDER_ID>
			<ORDER_DATE>2001-09-06T16:55:30+01:00</ORDER_DATE>
			<SUPPLIER_ORDER_ID>AUF200110010</SUPPLIER_ORDER_ID>
			<ORDERCHANGE_DATE>2001-09-12T09:00:00+01:00</ORDERCHANGE_DATE>
			<ORDERCHANGE_SEQUENCE_ID>1</ORDERCHANGE_SEQUENCE_ID>
			<ORDER_PARTIES>
				<BUYER_PARTY>
					<PARTY>
						<PARTY_ID type = "buyer_specific">FhG-IAO-4356</PARTY_ID>
						<ADDRESS>
							<NAME>Fraunhofer IAO</NAME>
							<NAME2>Gebaeude TIII</NAME2>
							<DEPARTMENT>Marktstrategie Team E-Procurement</DEPARTMENT>
							<CONTACT>
								<CONTACT_NAME>Sekretariat</CONTACT_NAME>
								<PHONE type = "office">+49 711 970 2331</PHONE>
								<FAX>+49 711 970 2300</FAX>
								<URL>http://www.iao.fhg.de</URL>
							</CONTACT>
							<STREET>Nobelstr. 12</STREET>
							<ZIP>70569</ZIP>
							<CITY>Stuttgart</CITY>
							<COUNTRY>DE</COUNTRY>
							<VAT_ID>DE 129515865</VAT_ID>
							<PHONE type = "office">+49 711 970 0</PHONE>
							<URL>http://www.iao.fhg.de</URL>
						</ADDRESS>
					</PARTY>
				</BUYER_PARTY>
				<SUPPLIER_PARTY>
					<PARTY>
						<PARTY_ID type = "buyer_specific">UEG-FB5-BLI</PARTY_ID>
						<ADDRESS>
							<NAME>Universitaet Essen</NAME>
							<NAME2>FB Wirtschaftswissenschaften/Wirtschaftsinformatik</NAME2>
							<DEPARTMENT>Beschaffung, Logistik und Informationsmanagement</DEPARTMENT>
							<CONTACT>
								<CONTACT_NAME>Volker Schmitz</CONTACT_NAME>
								<PHONE type = "office">+49 201 183 4084</PHONE>
								<PHONE type = "office">+49 201 183 4076</PHONE>
								<FAX>+49 201 183 934084</FAX>
								<EMAIL>volker.schmitz@uni-essen.de</EMAIL>
							</CONTACT>
							<STREET>Universitaetsstr. 9</STREET>
							<ZIP>45117</ZIP>
							<CITY>Essen</CITY>
							<COUNTRY>DE</COUNTRY>
							<PHONE type = "office">+49 201 183 0</PHONE>
							<URL>http://www.bli.uni-essen.de</URL>
						</ADDRESS>
					</PARTY>
				</SUPPLIER_PARTY>
				<INVOICE_PARTY>
					<PARTY>
						<PARTY_ID type = "buyer_specific">FhG-IAO-4356</PARTY_ID>
						<ADDRESS>
							<NAME>Fraunhofer IAO</NAME>
							<NAME2>Gebaeude TI</NAME2>
							<DEPARTMENT>Verwaltung IAO</DEPARTMENT>
							<STREET>Nobelstr. 12</STREET>
							<ZIP>70569</ZIP>
							<CITY>Stuttgart</CITY>
							<COUNTRY>DE</COUNTRY>
							<PHONE type = "office">+49 711 970 01</PHONE>
						</ADDRESS>
					</PARTY>
				</INVOICE_PARTY>
				<SHIPMENT_PARTIES>
					<DELIVERY_PARTY>
						<PARTY>
							<PARTY_ID type = "buyer_specific">FhG-IAO-4356</PARTY_ID>
							<ADDRESS>
								<NAME>Fraunhofer IAO</NAME>
								<NAME2>Gebaeude TIII</NAME2>
								<DEPARTMENT>Marktstrategie Team E-Procurement</DEPARTMENT>
								<CONTACT>
									<CONTACT_NAME>Sekretariat</CONTACT_NAME>
									<PHONE type = "office">+49 711 970 2331</PHONE>
									<FAX>+49 711 970 2300</FAX>
									<URL>http://www.iao.fhg.de</URL>
								</CONTACT>
								<STREET>Nobelstr. 12</STREET>
								<ZIP>70569</ZIP>
								<CITY>Stuttgart</CITY>
								<STATE>
								</STATE>
								<COUNTRY>DE</COUNTRY>
								<PHONE type = "office">+49 711 970 0</PHONE>
								<URL>http://www.iao.fhg.de</URL>
							</ADDRESS>
						</PARTY>
					</DELIVERY_PARTY>
					<FINAL_DELIVERY_PARTY>
						<PARTY>
							<PARTY_ID type = "buyer_specific">FhG-IAO-4356</PARTY_ID>
							<ADDRESS>
								<NAME>Fraunhofer IAO</NAME>
								<NAME2>Gebaeude TIII</NAME2>
								<DEPARTMENT>Marktstrategie Team E-Procurement</DEPARTMENT>
								<CONTACT>
									<CONTACT_NAME>Boris Otto</CONTACT_NAME>
									<PHONE type = "office">+49 711 970 2369</PHONE>
									<FAX>+49 711 970 2300</FAX>
									<EMAIL>Boris.Otto@iao.fhg.de</EMAIL>
									<URL>http://www.iao.fhg.de</URL>
								</CONTACT>
								<STREET>Nobelstr. 12</STREET>
								<ZIP>70569</ZIP>
								<CITY>Stuttgart</CITY>
								<COUNTRY>DE</COUNTRY>
								<PHONE type = "office">+49 711 970 0</PHONE>
								<URL>http://www.iao.fhg.de</URL>
							</ADDRESS>
						</PARTY>
					</FINAL_DELIVERY_PARTY>
					<TRANSPORT_PARTY>
						<PARTY>
							<PARTY_ID type = "DUNS">SFA-6934221</PARTY_ID>
							<ADDRESS>
								<NAME>SUPER FAST AIRCARGO</NAME>
							</ADDRESS>
						</PARTY>
					</TRANSPORT_PARTY>
					<TRANSPORT_PARTY>
						<PARTY>
							<PARTY_ID type = "DUNS">EPS-3014234</PARTY_ID>
							<ADDRESS>
								<NAME>EXPRESS PARCEL SERVICE</NAME>
							</ADDRESS>
						</PARTY>
					</TRANSPORT_PARTY>
				</SHIPMENT_PARTIES>
			</ORDER_PARTIES>
			<PRICE_CURRENCY>EUR</PRICE_CURRENCY>
			<TERMS_AND_CONDITIONS>http://www.iao.fhg.de/procurement/agb.pdf</TERMS_AND_CONDITIONS>
		</ORDERCHANGE_INFO>
	</ORDERCHANGE_HEADER>
	<ORDERCHANGE_ITEM_LIST>
		<ORDER_ITEM>
			<LINE_ITEM_ID>P100028</LINE_ITEM_ID>
			<ARTICLE_ID>
				<SUPPLIER_AID>55-K-56</SUPPLIER_AID>
				<INTERNATIONAL_AID type = "EAN">8712670911581</INTERNATIONAL_AID>
				<BUYER_AID type = "BRZNR">10815</BUYER_AID>
				<DESCRIPTION_SHORT>Exklusiv Briefoeffner</DESCRIPTION_SHORT>
				<DESCRIPTION_LONG>Besonders formschoener Briefoeffner aus hochglanzpoliertem Edelstahl.</DESCRIPTION_LONG>
				<MANUFACTURER_INFO>
					<MANUFACTURER_NAME>Metallpartner</MANUFACTURER_NAME>
					<MANUFACTURER_AID>EBO-368-13</MANUFACTURER_AID>
					<MANUFACTURER_TYPE_DESCR>Briefoeffner Edelmann</MANUFACTURER_TYPE_DESCR>
				</MANUFACTURER_INFO>
			</ARTICLE_ID>
			<QUANTITY>10</QUANTITY>
			<ORDER_UNIT>C62</ORDER_UNIT>
			<ARTICLE_PRICE type = "net_list">
				<PRICE_AMOUNT>30.50</PRICE_AMOUNT>
				<PRICE_LINE_AMOUNT>305.00</PRICE_LINE_AMOUNT>
				<TAX>0.16</TAX>
				<TAX_AMOUNT>48.80</TAX_AMOUNT>
				<PRICE_QUANTITY>1</PRICE_QUANTITY>
			</ARTICLE_PRICE>
			<SOURCING_INFO>
				<QUOTATION_ID>452231</QUOTATION_ID>
				<AGREEMENT type = "buyer">
					<AGREEMENT_ID>567223</AGREEMENT_ID>
					<AGREEMENT_LINE_ID>2</AGREEMENT_LINE_ID>
				</AGREEMENT>
				<AGREEMENT type = "supplier">
					<AGREEMENT_ID>43445</AGREEMENT_ID>
					<AGREEMENT_LINE_ID>2</AGREEMENT_LINE_ID>
				</AGREEMENT>
			</SOURCING_INFO>
			<ACCOUNTING_INFO>
				<COST_CATEGORY_ID type = "cost_center">11047115</COST_CATEGORY_ID>
				<COST_ACCOUNT>S0202556600</COST_ACCOUNT>
			</ACCOUNTING_INFO>
			<PARTIAL_SHIPMENT_ALLOWED>TRUE</PARTIAL_SHIPMENT_ALLOWED>
			<TRANSPORT>
				<INCOTERM>CFR</INCOTERM>
				<LOCATION>Zentale Postannahmestelle</LOCATION>
				<TRANSPORT_REMARK>Bitte bei Fr. Mueller, 2. Tuere, abgeben</TRANSPORT_REMARK>
			</TRANSPORT>
		</ORDER_ITEM>
	</ORDERCHANGE_ITEM_LIST>
	<ORDERCHANGE_SUMMARY>
		<TOTAL_ITEM_NUM>1</TOTAL_ITEM_NUM>
		<TOTAL_AMOUNT>305</TOTAL_AMOUNT>
	</ORDERCHANGE_SUMMARY>
</ORDERCHANGE>