<?xml version = "1.0" encoding = "UTF-8"?>
<!DOCTYPE ORDERRESPONSE SYSTEM "openTRANS_ORDERRESPONSE_1_0.dtd">

<!-- 

  Name:                 opentrans_orderresponse_1_0_example.xml
  Version:              1.0
  Date:                 07.09.2001
  Authors:              Oliver Kelkar (olk), Fraunhofer IAO Stuttgart
                        Boris Otto (bo),     Fraunhofer IAO Stuttgart
			

  Copyright 2000-2001, All Rights Reserved
  Fraunhofer IAO Stuttgart, Universitaet Essen BLI

--> 

<ORDERRESPONSE version = "1.0">
	<ORDERRESPONSE_HEADER>
		<CONTROL_INFO>
			<STOP_AUTOMATIC_PROCESSING>testimport - Manual Processing Necessary</STOP_AUTOMATIC_PROCESSING>
			<GENERATOR_INFO>Created by openTRANS-Generator V1.7 1.09.2001</GENERATOR_INFO>
			<GENERATION_DATE>2001-09-06-10T09:00:30+02:00</GENERATION_DATE>
			<MIME_ROOT>/mime-dateien/</MIME_ROOT>
		</CONTROL_INFO>
		<ORDERRESPONSE_INFO>
			<ORDER_ID>PO4500002323</ORDER_ID>
			<ALT_CUSTOMER_ORDER_ID>1000000122</ALT_CUSTOMER_ORDER_ID>
			<SUPPLIER_ORDER_ID>AUF200110010</SUPPLIER_ORDER_ID>
			<ORDER_DATE>2001-09-06T16:55:30+01:00</ORDER_DATE>
			<ORDERRESPONSE_DATE>2001-09-10T09:00:30+02:00</ORDERRESPONSE_DATE>
			<DELIVERY_DATE type = "fixed">
				<DELIVERY_START_DATE>2001-09-28T09:30:00+01:00</DELIVERY_START_DATE>                                
				<DELIVERY_END_DATE>2001-10-03T10:00:00+01:00</DELIVERY_END_DATE>
			</DELIVERY_DATE>
			<ORDER_PARTIES>
				<BUYER_PARTY>
					<PARTY>
						<PARTY_ID type = "buyer_specific">FhG-IAO-4356</PARTY_ID>
						<ADDRESS>
							<NAME>Fraunhofer IAO</NAME>
							<NAME2>Gebaeude TIII</NAME2>
							<DEPARTMENT>Marktstrategie Team E-Procurement</DEPARTMENT>
							<CONTACT>
								<CONTACT_NAME>Sekretariat</CONTACT_NAME>
								<PHONE type = "office">+49 711 970 2331</PHONE>
								<FAX>+49 711 970 2300</FAX>
								<URL>http://www.iao.fhg.de</URL>
							</CONTACT>
							<STREET>Nobelstr. 12</STREET>
							<ZIP>70569</ZIP>
							<CITY>Stuttgart</CITY>
							<COUNTRY>Germany</COUNTRY>
							<VAT_ID>DE 129515865</VAT_ID>
							<PHONE type = "office">+49 711 970 0</PHONE>
							<URL>http://www.iao.fhg.de</URL>
						</ADDRESS>
					</PARTY>
				</BUYER_PARTY>
				<SUPPLIER_PARTY>
					<PARTY>
						<PARTY_ID type = "buyer_specific">UEG-FB5-BLI</PARTY_ID>
						<ADDRESS>
							<NAME>Universitaet Essen</NAME>
							<NAME2>FB Wirtschaftswissenschaften/Wirtschaftsinformatik</NAME2>
							<DEPARTMENT>Beschaffung, Logistik und Informationsmanagement</DEPARTMENT>
							<CONTACT>
								<CONTACT_NAME>Volker Schmitz</CONTACT_NAME>
								<PHONE type = "office">+49 201 183 4084</PHONE>
								<PHONE type = "office">+49 201 183 4076</PHONE>
								<FAX>+49 201 183 934084</FAX>
								<EMAIL>volker.schmitz@uni-essen.de</EMAIL>
							</CONTACT>
							<STREET>Universitaetsstr. 9</STREET>
							<ZIP>45117</ZIP>
							<CITY>Essen</CITY>
							<COUNTRY>Germany</COUNTRY>
							<PHONE type = "office">+49 201 183 0</PHONE>
							<URL>http://www.bli.uni-essen.de</URL>
						</ADDRESS>
					</PARTY>
				</SUPPLIER_PARTY>
				<INVOICE_PARTY>
					<PARTY>
						<PARTY_ID type = "buyer_specific">FhG-IAO-4356</PARTY_ID>
						<ADDRESS>
							<NAME>Fraunhofer IAO</NAME>
							<NAME2>Gebaeude TI</NAME2>
							<DEPARTMENT>Verwaltung IAO</DEPARTMENT>
							<STREET>Nobelstr. 12</STREET>
							<ZIP>70569</ZIP>
							<CITY>Stuttgart</CITY>
							<COUNTRY>Germany</COUNTRY>
							<PHONE type = "office">+49 711 970 01</PHONE>
						</ADDRESS>
					</PARTY>
				</INVOICE_PARTY>
				<SHIPMENT_PARTIES>
					<DELIVERY_PARTY>
						<PARTY>
							<PARTY_ID type = "buyer_specific">FhG-IAO-4356</PARTY_ID>
							<ADDRESS>
								<NAME>Fraunhofer IAO</NAME>
								<NAME2>Gebaeude TIII</NAME2>
								<DEPARTMENT>Marktstrategie Team E-Procurement</DEPARTMENT>
								<CONTACT>
									<CONTACT_NAME>Sekretariat</CONTACT_NAME>
									<PHONE type = "office">+49 711 970 2331</PHONE>
									<FAX>+49 711 970 2300</FAX>
									<URL>http://www.iao.fhg.de</URL>
								</CONTACT>
								<STREET>Nobelstr. 12</STREET>
								<ZIP>70569</ZIP>
								<CITY>Stuttgart</CITY>
								<STATE>
								</STATE>
								<COUNTRY>Germany</COUNTRY>
								<PHONE type = "office">+49 711 970 0</PHONE>
								<URL>http://www.iao.fhg.de</URL>
							</ADDRESS>
						</PARTY>
					</DELIVERY_PARTY>
					<FINAL_DELIVERY_PARTY>
						<PARTY>
							<PARTY_ID type = "buyer_specific">FhG-IAO-4356</PARTY_ID>
							<ADDRESS>
								<NAME>Fraunhofer IAO</NAME>
								<NAME2>Gebaeude TIII</NAME2>
								<DEPARTMENT>Marktstrategie Team E-Procurement</DEPARTMENT>
								<CONTACT>
									<CONTACT_NAME>Boris Otto</CONTACT_NAME>
									<PHONE type = "office">+49 711 970 2369</PHONE>
									<FAX>+49 711 970 2300</FAX>
									<EMAIL>Boris.Otto@iao.fhg.de</EMAIL>
									<URL>http://www.iao.fhg.de</URL>
								</CONTACT>
								<STREET>Nobelstr. 12</STREET>
								<ZIP>70569</ZIP>
								<CITY>Stuttgart</CITY>
								<COUNTRY>Germany</COUNTRY>
								<PHONE type = "office">+49 711 970 0</PHONE>
								<URL>http://www.iao.fhg.de</URL>
							</ADDRESS>
						</PARTY>
					</FINAL_DELIVERY_PARTY>
					<TRANSPORT_PARTY>
						<PARTY>
							<PARTY_ID type = "DUNS">SFA-6934221</PARTY_ID>
							<ADDRESS>
								<NAME>SUPER FAST AIRCARGO</NAME>
							</ADDRESS>
						</PARTY>
					</TRANSPORT_PARTY>
					<TRANSPORT_PARTY>
						<PARTY>
							<PARTY_ID type = "DUNS">EPS-3014234</PARTY_ID>
							<ADDRESS>
								<NAME>EXPRESS PARCEL SERVICE</NAME>
							</ADDRESS>
						</PARTY>
					</TRANSPORT_PARTY>
				</SHIPMENT_PARTIES>
			</ORDER_PARTIES>
			<PRICE_CURRENCY>EUR</PRICE_CURRENCY>
		</ORDERRESPONSE_INFO>
	</ORDERRESPONSE_HEADER>
	<ORDERRESPONSE_ITEM_LIST>
		<ORDERRESPONSE_ITEM>
			<LINE_ITEM_ID>P100012</LINE_ITEM_ID>
			<ARTICLE_ID>
				<SUPPLIER_AID>55-K-31</SUPPLIER_AID>
				<INTERNATIONAL_AID type = "EAN">8712670911213</INTERNATIONAL_AID>
				<BUYER_AID type = "BRZNR">4711</BUYER_AID>
				<DESCRIPTION_SHORT>Standard Briefkorb DIN A4</DESCRIPTION_SHORT>
				<DESCRIPTION_LONG>Ein Klassiker unter den Briefkoerben.</DESCRIPTION_LONG>
				<MANUFACTURER_INFO>
					<MANUFACTURER_NAME>Plastikpartner</MANUFACTURER_NAME>
					<MANUFACTURER_AID>123-RD-67-U</MANUFACTURER_AID>
					<MANUFACTURER_TYPE_DESCR>Briefkorb 02133</MANUFACTURER_TYPE_DESCR>
				</MANUFACTURER_INFO>
			</ARTICLE_ID>
			<QUANTITY>20</QUANTITY>
			<ORDER_UNIT>C62</ORDER_UNIT>
			<ARTICLE_PRICE type = "net_list">
				<PRICE_AMOUNT>2.90</PRICE_AMOUNT>
				<PRICE_FLAG type = "incl_freight">TRUE</PRICE_FLAG>
				<PRICE_FLAG type = "incl_assurance">FALSE</PRICE_FLAG>
				<PRICE_FLAG type = "incl_duty">TRUE</PRICE_FLAG>
				<PRICE_LINE_AMOUNT>58.00</PRICE_LINE_AMOUNT>
				<TAX>0.16</TAX>
				<TAX_AMOUNT>9.28</TAX_AMOUNT>
				<PRICE_QUANTITY>1</PRICE_QUANTITY>
			</ARTICLE_PRICE>
			<DELIVERY_DATE type = "fixed">
				<DELIVERY_START_DATE>2001-09-28T09:30:00+01:00</DELIVERY_START_DATE>                                
				<DELIVERY_END_DATE>2001-10-03T10:00:00+01:00</DELIVERY_END_DATE>
			</DELIVERY_DATE>
			<SHIPMENT_PARTIES>
				<DELIVERY_PARTY>
					<PARTY>
						<PARTY_ID type = "buyer_specific">FhG-IAO-4356</PARTY_ID>
						<ADDRESS>
							<NAME>Fraunhofer IAO</NAME>
							<NAME2>Gebaeude TIII</NAME2>
							<DEPARTMENT>Marktstrategie Team E-Procurement</DEPARTMENT>
							<CONTACT>
								<CONTACT_NAME>Sekretariat</CONTACT_NAME>
								<PHONE type = "office">+49 711 970 2331</PHONE>
								<FAX>+49 711 970 2300</FAX>
								<URL>http://www.iao.fhg.de</URL>
							</CONTACT>
							<STREET>Nobelstr. 12</STREET>
							<ZIP>70569</ZIP>
							<CITY>Stuttgart</CITY>
							<STATE>
							</STATE>
							<COUNTRY>Germany</COUNTRY>
							<PHONE type = "office">+49 711 970 0</PHONE>
							<URL>http://www.iao.fhg.de</URL>
						</ADDRESS>
					</PARTY>
				</DELIVERY_PARTY>
				<FINAL_DELIVERY_PARTY>
					<PARTY>
						<PARTY_ID type = "buyer_specific">FhG-IAO-4356</PARTY_ID>
						<ADDRESS>
							<NAME>Fraunhofer IAO</NAME>
							<NAME2>Gebaeude TIII</NAME2>
							<DEPARTMENT>Marktstrategie Team E-Procurement</DEPARTMENT>
							<CONTACT>
								<CONTACT_NAME>Boris Otto</CONTACT_NAME>
								<PHONE type = "office">+49 711 970 2369</PHONE>
								<FAX>+49 711 970 2300</FAX>
								<EMAIL>Boris.Otto@iao.fhg.de</EMAIL>
								<URL>http://www.iao.fhg.de</URL>
							</CONTACT>
							<STREET>Nobelstr. 12</STREET>
							<ZIP>70569</ZIP>
							<CITY>Stuttgart</CITY>
							<COUNTRY>Germany</COUNTRY>
							<PHONE type = "office">+49 711 970 0</PHONE>
							<URL>http://www.iao.fhg.de</URL>
						</ADDRESS>
					</PARTY>
				</FINAL_DELIVERY_PARTY>
				<TRANSPORT_PARTY>
					<PARTY>
						<PARTY_ID type = "DUNS">SFA-6934221</PARTY_ID>
						<ADDRESS>
							<NAME>SUPER FAST AIRCARGO</NAME>
						</ADDRESS>
					</PARTY>
				</TRANSPORT_PARTY>
				<TRANSPORT_PARTY>
					<PARTY>
						<PARTY_ID type = "DUNS">EPS-3014234</PARTY_ID>
						<ADDRESS>
							<NAME>EXPRESS PARCEL SERVICE</NAME>
						</ADDRESS>
					</PARTY>
				</TRANSPORT_PARTY>
			</SHIPMENT_PARTIES>
			<SPECIAL_TREATMENT_CLASS type = "GVVS">keine - soll nur als Beispiel dienen</SPECIAL_TREATMENT_CLASS>
			<MIME_INFO>
				<MIME>
					<MIME_TYPE>image/jpeg</MIME_TYPE>
					<MIME_SOURCE>55-K-31.jpg</MIME_SOURCE>
					<MIME_DESCR>Frontalansicht des Standard Briefkorbs DIN A4</MIME_DESCR>
					<MIME_ALT>Bild Standard Briefkorb DIN A4</MIME_ALT>
					<MIME_PURPOSE>normal</MIME_PURPOSE>
				</MIME>
			</MIME_INFO>
		</ORDERRESPONSE_ITEM>
		<ORDERRESPONSE_ITEM>
			<LINE_ITEM_ID>P100028</LINE_ITEM_ID>
			<ARTICLE_ID>
				<SUPPLIER_AID>55-K-56</SUPPLIER_AID>
				<INTERNATIONAL_AID type = "EAN">8712670911581</INTERNATIONAL_AID>
				<BUYER_AID type = "BRZNR">10815</BUYER_AID>
				<DESCRIPTION_SHORT>Exklusiv Briefoeffner</DESCRIPTION_SHORT>
				<DESCRIPTION_LONG>Besonders formschoener Briefoeffner aus hochglanzpoliertem Edelstahl</DESCRIPTION_LONG>
				<MANUFACTURER_INFO>
					<MANUFACTURER_NAME>Metallpartner</MANUFACTURER_NAME>
					<MANUFACTURER_AID>EBO-368-13</MANUFACTURER_AID>
					<MANUFACTURER_TYPE_DESCR>Briefoeffner Edelmann.</MANUFACTURER_TYPE_DESCR>
				</MANUFACTURER_INFO>
			</ARTICLE_ID>
			<QUANTITY>4</QUANTITY>
			<ORDER_UNIT>C62</ORDER_UNIT>
			<ARTICLE_PRICE type = "net_list">
				<PRICE_AMOUNT>30.5</PRICE_AMOUNT>
				<PRICE_LINE_AMOUNT>122.00</PRICE_LINE_AMOUNT>
				<TAX>0.16</TAX>
				<TAX_AMOUNT>19.52</TAX_AMOUNT>
				<PRICE_QUANTITY>1</PRICE_QUANTITY>
			</ARTICLE_PRICE>
		</ORDERRESPONSE_ITEM>
	</ORDERRESPONSE_ITEM_LIST>
	<ORDERRESPONSE_SUMMARY>
		<TOTAL_ITEM_NUM>2</TOTAL_ITEM_NUM>
		<TOTAL_AMOUNT>180</TOTAL_AMOUNT>
	</ORDERRESPONSE_SUMMARY>
</ORDERRESPONSE>